Model,Precision,Recall,F1-Score,ROC-AUC
Logistic Regression,1.0,0.9848484848484849,0.9923664122137404,0.9848791932294162
Random Forest,1.0,0.9848484848484849,0.9923664122137404,1.0
XGBoost,1.0,0.9848484848484849,0.9923664122137404,0.9999416540762305
