Model,MAE,RMSE,R2-Score
Linear Regression,712.3239287381314,725.9964331165168,-29.750940091359976
Random Forest,248.10794224064642,270.5773436513165,-3.2714200405202094
XGBoost,200.68870544433594,236.3282608470684,-2.2585229873657227
